user_id,account_number,payment_info,address,first_name,last_name,phone
1,410461,"VISA 16 digit
Brittany Obrien
4029887497417427 02/27
CVC: 689
","449 Mccoy Mills
Lake Anthonyburgh, WV 57529",Rachel,Gray,001-113-451-5898x07412
2,214049,"Diners Club / Carte Blanche
Patrick Rice
30204690417326 04/24
CVC: 888
","985 Robert Alley Suite 982
Torresport, SC 10046",Kayla,Shepherd,(443)019-5843x58804
3,787616,"VISA 19 digit
Jeanne Thompson
4995662664181493627 01/28
CVC: 827
","6632 Walker Hollow Apt. 015
South Ericaside, MA 83582",Gary,Andrews,802-704-8738x335
4,371679,"Discover
Heather Thomas
6577419096075801 02/33
CVC: 548
","445 Todd Stream
South Jerry, NJ 61018",Betty,Key,+1-397-022-2434x3710
5,407273,"Diners Club / Carte Blanche
Robert Thomas
30419068059936 07/32
CVC: 431
","2335 Emma Plains Suite 272
South Ronald, ME 55055",William,Valdez,(672)915-9088x50237
6,400405,"American Express
Michael Delacruz
345961426490980 10/32
CID: 6788
","4807 Carter Union
Donaldborough, VI 61242",Lori,Willis,(314)579-1825x8339
7,619257,"Mastercard
Kim Smith
2700552778073212 02/29
CVV: 669
","402 Fischer Canyon Suite 280
Trevinohaven, DC 68007",Edgar,Newton,001-304-999-1647x846
8,979411,"Mastercard
Tracy Stevens
5231326193205308 05/24
CVV: 075
","10962 Moore Hills Apt. 346
Johnton, AZ 01248",Brandon,Figueroa,677.013.0350x7951
9,825468,"VISA 16 digit
Tim Herrera
4083586582921375 08/23
CVC: 593
","368 Nicholas Squares Suite 665
East Peter, MO 64440",Juan,Zhang,+1-365-271-6551x8013
10,615436,"VISA 16 digit
Zoe Osborn
4568811057680080 06/25
CVC: 420
","785 Marcus Flats Apt. 016
East Emilyton, HI 17025",Brian,Lopez,001-400-512-5212
11,843125,"American Express
Julie Brooks
374950985112972 03/27
CID: 8381
","41099 Jasmine Ports Apt. 555
West Justinchester, OK 07228",George,Payne,(697)322-6282
12,862618,"JCB 16 digit
Eric Lara
3529089507584174 04/31
CVC: 697
","50486 Smith Prairie Suite 773
Mcintoshbury, AR 68389",Jason,Anderson,+1-808-508-4183x8345
13,999622,"American Express
Angela Jones
347464941796450 02/33
CID: 3281
","497 Misty Shoal
Port Donnaton, MA 08247",Stacy,Kemp,001-145-134-7637x587
14,348469,"VISA 16 digit
Walter Montgomery
4447156839367193 09/30
CVC: 959
","40336 Garrett Fork Suite 599
East Robertmouth, AL 63785",Randall,Wilson,1789388315
15,442538,"Discover
Angela Lynch
6518176957783905 05/27
CVC: 357
","68475 Holly Ports Apt. 177
Amberchester, AL 62945",Travis,Snyder,560.797.7383x7863
16,981842,"Diners Club / Carte Blanche
Rhonda Robinson
30404744888924 11/29
CVC: 907
","860 Bullock Spur Suite 146
South Margaret, MS 30853",Victoria,Martinez,2086662458
17,807628,"VISA 13 digit
Edward Wise
4839155932095 11/28
CVC: 600
","6650 Murray Divide Suite 605
Smithland, KS 04837",David,Williams,262-462-8718
18,482314,"VISA 16 digit
Paul Hall
4137279538270933 04/25
CVC: 479
","87118 Charles Shoals Apt. 353
Johnsontown, MO 63386",Kelly,Reyes,(738)015-5553x84947
19,845515,"VISA 16 digit
Sandra English
4162216490446224 02/30
CVC: 794
","Unit 3307 Box 4663
DPO AA 03939",Tara,Curry,158.258.9729
20,602587,"Maestro
Jessica Ponce
503800727623 08/27
CVV: 120
","9679 Jonathan Well Suite 390
Michaelton, OR 73400",Anne,Smith,+1-309-068-1777x8294
21,527705,"JCB 15 digit
Julie Brown
180027668764090 08/30
CVC: 261
","3003 Turner Keys Suite 721
South Jennifer, PA 43548",Dustin,Reeves,316-253-8552x598
22,868987,"VISA 16 digit
Thomas Khan
4238694709681395 12/32
CVC: 083
","648 Andrea Harbors Suite 888
Carsonport, ID 57430",David,Allison,(715)358-5735x8699
23,680036,"Maestro
Michael Gonzalez
676334049886 01/27
CVV: 719
","914 Kevin Square
Lake Anitashire, FM 46531",Daniel,Avery,001-605-473-2144x1049
24,415788,"Diners Club / Carte Blanche
Tracy Fitzpatrick
30321292656984 06/30
CVC: 359
","8165 Carpenter Divide
Rosetown, GU 12169",April,Taylor,251.034.8961x3750
25,980694,"JCB 16 digit
Scott Cunningham
3527367325184878 01/25
CVC: 475
","PSC 8219, Box 0426
APO AP 11414",Samuel,Ortiz,832-889-3529
26,461191,"VISA 19 digit
Jennifer Adams
4891892836283019186 07/27
CVC: 457
","47406 Harrison Plains
Brownchester, UT 23016",Lori,Miller,001-285-920-7170
27,593490,"VISA 13 digit
Regina Clarke
4228588808918 11/30
CVC: 041
","35681 Hicks Rapids
Lake Michaelfurt, DE 46049",Kevin,Logan,920.342.3001
28,872473,"American Express
Stephanie Rodriguez
343148146438588 11/32
CID: 9999
","94815 Ellis Walks
Knapptown, NM 21653",Shannon,Bradford,+1-922-832-9463x781
29,289252,"JCB 16 digit
Rebecca Hodges
3598964306436550 04/25
CVC: 816
","710 Lopez Mountain Apt. 993
North Jameschester, GU 13240",Tabitha,Hardin,034-044-9651
30,922181,"JCB 16 digit
James Gonzalez
3502008280255910 08/32
CVC: 592
","6710 Sharon Mews
Port Jadeport, CA 47737",Joshua,Bowen,7497067110
31,459503,"VISA 13 digit
Nicole Mitchell
4942130902587 08/32
CVC: 501
","PSC 9786, Box 8101
APO AP 35523",Steven,Anderson,799-920-4054
32,907076,"VISA 16 digit
Abigail Bailey
4422651409553122 06/29
CVC: 516
","5176 Nielsen Trail
Lake Angelaport, NC 95645",Jennifer,Salazar,001-524-897-5988x2281
33,589838,"VISA 19 digit
Jacob Johnson
4699559101548702923 02/33
CVC: 896
","Unit 8539 Box 9857
DPO AA 66493",Lisa,Hart,422.093.7836
34,767922,"VISA 16 digit
Betty Little
4659878530695050 11/27
CVC: 535
","281 Santos Village
North Patriciaville, AZ 25218",Jennifer,Moore,(072)256-2190x6868
35,954246,"JCB 15 digit
Sean Little
180086964781703 06/25
CVC: 218
","30507 Kerry Pines
Brianville, OR 81054",John,Marshall,+1-445-893-8319x9907
36,303013,"Discover
Briana Smith
6505408178504405 06/23
CVC: 290
","37084 Williams Shore Suite 099
South Sarahport, OH 17164",Shawn,Green,141.178.3616x573
37,267907,"Mastercard
Laura Carter
5292911722744871 01/28
CVV: 820
","633 Barnett Ferry
Charlesville, CO 19899",Renee,Spencer,(045)829-6362x7125
38,321686,"Diners Club / Carte Blanche
Cory Alvarez
30541460233437 01/29
CVC: 603
","24310 Candace Walk
Hunterland, MH 11109",Lauren,Bailey,+1-423-813-0080x55615
39,785415,"VISA 16 digit
Ernest Rodriguez
4995057427243950 06/28
CVC: 094
","006 Paul Locks
North Darlene, NJ 23409",Matthew,Wright,559.848.5128
40,474240,"Mastercard
Susan Henson
2294324355061735 09/29
CVV: 488
","5380 Maureen Mews
Paultown, VT 57365",Courtney,Schwartz,+1-396-597-9089x987
41,908763,"American Express
Julie Jackson
345073589052134 05/27
CID: 2572
","869 Guy Key Apt. 959
East Wendychester, MH 01413",Nathaniel,Stanley,+1-276-304-7691x25965
42,634318,"American Express
Jason Deleon
379143224183369 04/24
CID: 5345
","804 Karen Camp
Markmouth, AL 13331",Nicole,Glenn,001-759-618-7655
43,975029,"VISA 16 digit
Jason Wheeler
4772163778991335 08/23
CVC: 408
","68669 Wagner Square Suite 973
North Georgeville, AK 33099",Robert,Hughes,(175)789-6648
44,516366,"Discover
Chelsea Harmon
6011165877254412 07/28
CVC: 831
","1498 Copeland Circles Suite 816
Lake Chrismouth, OH 19524",Kyle,Bates,275-970-5784x72619
45,408763,"American Express
Ryan Perry
343337157520935 12/26
CID: 2879
","829 Hayes Forks Apt. 111
West Roberto, MI 31748",Jesse,Krueger,819-596-2168x007
46,471702,"Diners Club / Carte Blanche
Amanda Brown
30340400492900 10/26
CVC: 487
","51802 Gonzalez Valleys
Nicholaston, NY 06247",Teresa,White,001-374-279-2407x418
47,961406,"VISA 19 digit
Paul Lopez
4829538424857806120 09/25
CVC: 504
","5640 Grant Well Suite 489
Breannaview, MS 20047",Chad,Rivera,844-877-6158x100
48,249117,"Maestro
Tyler Walker
676316571204 07/30
CVV: 781
","79853 Welch Ridges Suite 995
Levystad, AL 38404",Joshua,Perez,3096928033
49,231830,"Maestro
Amanda Carroll
503844504806 02/31
CVV: 058
","400 Bowen Roads
Calhounburgh, WV 11403",Blake,Johnson,+1-056-981-3947
50,211162,"VISA 13 digit
Jeffery Villarreal
4996982710472 01/27
CVC: 513
","501 Mary Isle Suite 804
Lake Rebeccaview, CO 18428",Edward,Fox,001-574-505-6643x0061
51,211085,"Discover
Kaitlin Jones
6528320695094518 05/30
CVC: 760
","883 Avery Run Suite 678
East Anna, PW 69954",Ronald,Booth,364.801.7954
52,801872,"JCB 15 digit
Scott Arias
213148978024602 05/27
CVC: 020
","8143 Anthony Brook
Jenniferburgh, OH 06070",Darius,Sanchez,(895)270-3027x72590
53,555647,"American Express
Jessica Acevedo
348232336850631 06/30
CID: 9874
","USNS Reeves
FPO AA 99170",Crystal,Chavez,795-712-1876
54,510322,"VISA 19 digit
Molly Hayes
4652174058753043589 10/30
CVC: 362
","Unit 7414 Box 8710
DPO AE 30094",Tina,Montoya,001-731-943-0770x5243
55,775927,"JCB 16 digit
Ana Turner
3510186134828668 12/29
CVC: 366
","101 Waters Plains
Nicoleborough, MN 62004",Dale,Williams,001-773-232-1881x194
56,705537,"VISA 19 digit
Daniel Becker
4104426608802993206 11/28
CVC: 991
","45446 Melissa Inlet Apt. 537
Jonesborough, WA 22939",Sandra,Johnson,846.854.5737x9366
57,497999,"VISA 16 digit
Stanley Bell
4999753357496834 07/28
CVC: 121
","2404 Kimberly Street
West Matthew, CA 92921",Sara,Rivera,035-413-1573x3519
58,527191,"JCB 16 digit
Andrew Ewing
3523366168384953 03/29
CVC: 523
","52619 Long River Suite 260
Hansonberg, PW 43882",Julie,Cunningham,001-030-622-2804x58501
59,799467,"VISA 16 digit
Julie Ross
4526435895857956 05/32
CVC: 028
","PSC 4593, Box 6098
APO AP 09615",Katherine,Davidson,(234)136-1049x303
60,963777,"JCB 15 digit
Paul Preston
213173240415099 08/27
CVC: 296
","94948 Alicia Squares
Michelleberg, KS 13280",Katherine,Miller,388-926-9828
61,556181,"VISA 19 digit
Anthony Griffith
4034322431683538725 12/25
CVC: 256
","PSC 6563, Box 2418
APO AA 26872",Dustin,Mccarty,(050)641-4088x64983
62,624618,"JCB 15 digit
Gary Suarez
213109021310653 01/32
CVC: 649
","892 Murray Overpass
Port Ariel, SC 39365",Paula,Williams,827-829-5803x4454
63,538188,"JCB 15 digit
Ronald Parrish
180053722340883 04/33
CVC: 994
","630 Stephen Prairie
New Taraton, NH 27671",Zachary,Barber,001-343-737-6520x78219
64,824138,"VISA 13 digit
Austin Collier
4206014411424 03/30
CVC: 292
","21711 Thompson Glen
North Kristin, MP 91078",Claire,Adams,979-248-0273
65,963285,"Diners Club / Carte Blanche
Kimberly Cole
30592442170247 12/30
CVC: 973
","9507 Matthews Glens Apt. 704
New Johnstad, SD 46612",Jamie,Juarez,489.102.2497
66,661302,"VISA 19 digit
Jennifer Morrison
4279552167155452779 11/28
CVC: 190
","2524 Adams Mills Suite 017
West Susan, NY 94399",Charles,Knight,(291)664-4328
67,376766,"VISA 16 digit
Jeremy Wilson
4426234960593294 09/31
CVC: 729
","6829 William Skyway
North Michelle, NH 09403",Sabrina,Barrett,001-248-309-5194x09650
68,994139,"Diners Club / Carte Blanche
Dawn Berry
30513732854225 06/28
CVC: 164
","504 Adams Overpass Suite 917
West Jessicaland, MO 14095",Brenda,Adams,(302)743-0486
69,403590,"VISA 16 digit
Margaret Brown
4103799532388498 11/28
CVC: 732
","96404 Hunt Mountain Apt. 046
West Ambermouth, DC 14665",Stephanie,Gray,597-255-5800x2196
70,533149,"JCB 15 digit
Cole Silva
180044475077798 10/27
CVC: 908
","USNS Holmes
FPO AE 94527",Ronald,Davis,001-946-308-3727
71,259642,"JCB 16 digit
Michelle House
3565540145373474 04/33
CVC: 569
","492 Micheal Fords
Gordonport, MP 54959",Stephanie,Sanchez,+1-290-438-5315x04691
72,879988,"VISA 16 digit
Caleb Sanchez
4656759760464198 04/29
CVC: 878
","87389 Foley Hollow
Jeffreyton, PR 04597",Michael,Hernandez,001-609-325-4629x12258
73,872726,"American Express
Alexandra Myers
340558872486564 02/27
CID: 5120
","4319 Austin Stream
Johnton, AR 05440",Stephen,Castro,(518)856-4454x346
74,737557,"Maestro
Jimmy Mckinney
676261295924 10/30
CVV: 171
","955 Silva Field Apt. 816
East Christianton, MH 06521",John,Barry,883-140-9623x13262
75,668297,"VISA 16 digit
Sonya Pruitt
4908643128926104 08/29
CVC: 402
","4030 Elizabeth Streets
Tinabury, NH 90817",Jessica,Gomez,620-474-3671
76,439738,"Maestro
Tiffany Ray
630477944577 04/26
CVV: 978
","48779 Donald Spur Apt. 707
North Charles, WV 18556",Ronald,Ruiz,(836)300-3557
77,446536,"JCB 16 digit
Sean Camacho
3555451350266266 04/30
CVC: 631
","55014 Garcia Garden
North Amanda, OR 51969",Alyssa,Ramirez,(780)456-5254x71114
78,417582,"Diners Club / Carte Blanche
Jason Palmer
30485284723993 11/30
CVC: 278
","08424 Curry Center Suite 620
South Lisamouth, GA 91534",Kara,Morgan,001-846-775-0296
79,473994,"Diners Club / Carte Blanche
Adam Matthews
30010838241282 07/29
CVC: 777
","366 Andrew Turnpike
West Georgeville, MS 37083",Angela,Nelson,763.254.2619x37658
80,688880,"Diners Club / Carte Blanche
Robert Ali
38034906061994 03/27
CVC: 854
","PSC 4858, Box 5696
APO AP 41798",Mary,Bennett,(002)315-5441
81,740352,"JCB 15 digit
Linda Hale
180047861887597 07/30
CVC: 838
","954 Corey Crossroad Apt. 432
South Steven, CO 03595",Robert,Jones,933-439-1994x79397
82,745868,"Maestro
Sarah Hudson
676201220545 10/32
CVV: 768
","PSC 2260, Box 6482
APO AE 71729",Kaitlyn,Howard,+1-194-181-6805x3646
83,389005,"Mastercard
Debbie Sanchez
2227808766790660 06/32
CVV: 339
","04889 Michael Stream
Richardport, DE 80018",Kenneth,Baker,(594)720-1708x601
84,339550,"VISA 16 digit
Jonathan Garner
4475561455030006 08/26
CVC: 248
","07906 Ward Forest
Amyview, MT 34298",Ana,Alvarado,366.164.6696
85,259787,"JCB 16 digit
Amanda Lee
3512863739551055 07/27
CVC: 668
","465 Jacob Streets
Alexandrachester, CA 28993",Joseph,Reed,443.754.0080
86,927029,"JCB 16 digit
Michelle Gardner
3552033079541923 12/27
CVC: 951
","701 Stephanie Crescent Apt. 994
Colemanfurt, MD 26858",Shane,Krause,976.922.9942x8820
87,457394,"JCB 15 digit
Michael Humphrey
213135630208111 07/31
CVC: 719
","6879 Young Cliff
Lake Brandon, WA 90594",Ashley,Hamilton,(412)176-0612x12015
88,845438,"Diners Club / Carte Blanche
Mindy Johnson
30472275787070 10/29
CVC: 523
","587 Ian Mill
North Jeffrey, UT 45932",Steven,Young,001-284-627-9131x177
89,286349,"JCB 16 digit
Derek Mcdaniel
3531818405510543 05/28
CVC: 395
","601 Karen Drive Suite 324
Port Richard, TX 79802",Jeffrey,Harrell,768.295.6231
90,794347,"VISA 19 digit
Theresa Medina
4423952295151018193 10/25
CVC: 891
","Unit 1458 Box 7853
DPO AP 58621",Charles,Elliott,+1-394-793-1981x461
91,379787,"JCB 16 digit
Joshua Kaiser
3530592447505644 02/28
CVC: 481
","82771 Hayes Walk Suite 345
New Donna, TN 02684",Dawn,Neal,+1-604-933-8846
92,347841,"VISA 19 digit
Debbie Eaton
4532613148667030047 06/23
CVC: 652
","USNV Buck
FPO AP 63254",Leah,Nguyen,4101158866
93,618063,"Maestro
Kayla Wade
502064229250 02/28
CVV: 113
","4122 Cooper Keys
Laurenton, OK 56086",Katherine,Ruiz,(493)790-9816
94,203819,"VISA 13 digit
Nathan Gray
4993796455592 02/28
CVC: 733
","80041 Jones Stravenue
South Kennethchester, WY 68876",Benjamin,Hale,(488)849-3430x1332
95,428284,"VISA 16 digit
Kyle Rivera
4735074978717048 05/24
CVC: 918
","PSC 6540, Box 1452
APO AE 78140",Daniel,Harrison,(860)645-4225x039
96,345182,"VISA 16 digit
Kelsey Hunt
4982906930042017 02/25
CVC: 514
","219 Jamie Crescent Suite 527
East Amy, PR 85449",Robert,Rivera,001-303-410-2361x636
97,680936,"Diners Club / Carte Blanche
Karen Lee
30587365424068 09/24
CVC: 457
","Unit 0449 Box 3128
DPO AA 70848",Donald,Hatfield,(329)373-6674
98,304078,"VISA 19 digit
Mark Coleman
4215490501964555365 06/30
CVC: 365
","827 Samantha Ranch Suite 162
Courtneybury, AL 20581",Larry,Peters,552.386.8453x429
99,243750,"JCB 16 digit
Renee Hobbs
3576588676114004 09/29
CVC: 292
","5315 Megan Via Apt. 605
West Joelmouth, NH 41640",Tracey,Barnett,+1-608-541-6585x283
100,332371,"Discover
Caitlyn Jackson
6556494877400432 04/30
CVC: 120
","03443 Hatfield Plain
Greeneshire, AR 10682",Shannon,Nguyen,+1-081-740-7215
101,518328,"JCB 15 digit
Andrea Crawford
213102793457588 12/25
CVC: 227
","68440 Ronald Villages
Johnstonside, NJ 65165",Kenneth,Burnett,985-937-0849x4886
102,951500,"American Express
Adam Ward
370307935816166 07/23
CID: 6505
","3039 Erin Meadow Apt. 826
New Robertfurt, ID 62663",Danielle,Davis,+1-662-737-6787x40687
103,921618,"VISA 16 digit
Jessica Perez
4056147211710177 12/25
CVC: 572
","1321 Collins Skyway
Richardland, AL 74254",Amanda,Rodriguez,+1-263-783-6449
104,615452,"Maestro
William Lee
501859127687 01/29
CVV: 493
","82726 Philip Plains
East Cindymouth, MS 21660",Lori,Townsend,(712)307-9519
105,795811,"Diners Club / Carte Blanche
John Tyler
38306784897842 06/32
CVC: 065
","298 Johnathan Squares Apt. 615
Aprilmouth, OK 54798",Margaret,Burns,001-929-415-8223
106,379397,"VISA 16 digit
John Adams
4493830805386394 11/28
CVC: 366
","PSC 7404, Box 3787
APO AA 92747",Theresa,Hancock,984.715.8853x380
107,463598,"JCB 16 digit
Amanda Richardson
3552884871646496 09/25
CVC: 276
","894 Rachel Radial Suite 729
New Toni, AL 13017",Scott,Livingston,+1-484-762-6000x05625
108,628713,"VISA 16 digit
Vanessa Vance
4432205393989269 02/33
CVC: 657
","412 Howard Canyon
Feliciaview, TX 55188",James,Mayer,164-157-0956
109,584695,"VISA 13 digit
Roy Daniel
4848068693140 10/25
CVC: 223
","26391 Crystal Brooks Apt. 398
Karenmouth, ND 28359",Reginald,Williams,772.433.0769x7029
110,435177,"Mastercard
Sandra Parker
2654352323230573 10/24
CVV: 998
","72914 Morris Pike
South Cynthiamouth, PW 12067",Emma,Harrell,601.103.4980x32394
111,970397,"Mastercard
Kathryn Parker
5210536247247511 03/28
CVV: 756
","Unit 2662 Box 8240
DPO AA 92097",Tammie,Jordan,+1-072-146-8409
112,607868,"Mastercard
Albert Atkinson
5557716768887801 10/30
CVV: 305
","76507 Gordon Ville
Garciamouth, CA 92499",Maria,Cruz,117.274.0563x210
113,881009,"VISA 19 digit
Patrick Hays
4586698968542886469 06/28
CVC: 560
","5034 Woods Hollow Apt. 807
Garnerstad, MH 55101",Edward,Bowman,(268)842-4094x47479
114,682206,"VISA 16 digit
Anthony Franco
4864154407329574 03/26
CVC: 678
","110 Teresa Vista Apt. 963
New Edwardfurt, DE 78353",James,Cooper,(517)942-0585
115,454145,"Maestro
Kylie Diaz
675993125268 11/29
CVV: 319
","56599 Clark Mission
Loganhaven, AR 52541",Tonya,Santiago,+1-963-965-9409x010
116,550605,"VISA 13 digit
Michael Gordon
4482777755535 09/30
CVC: 766
","2136 Jones Track Apt. 992
Jenniferfurt, NJ 90674",Rebecca,Carson,+1-158-757-3774
117,993584,"VISA 16 digit
Thomas King
4807965577587356 04/29
CVC: 917
","127 Karen Prairie Apt. 811
Lake Deborah, TX 51180",Katherine,Orozco,201-607-9946x1932
118,874427,"VISA 13 digit
Evelyn Smith
4508557513510 08/32
CVC: 764
","51818 Butler Wall Apt. 604
New Elizabeth, SC 21542",Jennifer,Morales,001-091-926-6809
119,667275,"Discover
Edward Boone
6585773635120829 06/25
CVC: 950
","63869 Dustin Ford
Andrewburgh, NY 93090",Samantha,Velasquez,4919596562
120,530015,"VISA 16 digit
Theresa Robles
4038719870897728 07/23
CVC: 855
","18013 Chelsey Lock Apt. 840
Millerhaven, HI 96361",Matthew,Johnson,+1-577-967-0023x27021
121,467877,"American Express
Joe Leach
340579777187081 04/28
CID: 7185
","671 Melinda Field
New Allisonville, ME 03177",Diana,Torres,009-081-4465x417
122,518016,"Discover
Terri Baker
6011832344903604 08/32
CVC: 473
","7399 Bryan Mountains Suite 538
Lake Madelineton, TN 13563",Kaitlyn,Jackson,+1-518-353-8058x94481
123,426115,"Maestro
Annette Bryan
581134726719 05/23
CVV: 420
","4824 Antonio Valleys
South Shannontown, MI 17285",Paul,Tucker,(935)257-0944x1252
124,811155,"VISA 16 digit
Shannon Woods
4957612554978194 09/30
CVC: 724
","65061 Catherine Gardens
Lisahaven, MP 48411",Thomas,Young,+1-607-208-7183x0459
125,236575,"VISA 16 digit
James Davis
4274370613047271 03/25
CVC: 129
","73878 Jerry Path
Greeneshire, PA 07565",Taylor,Wood,344.685.9447x2017
126,956478,"VISA 19 digit
Cody Whitehead
4720628622971945425 04/30
CVC: 670
","72165 Christopher Isle Apt. 361
Port Seth, SC 27068",Christina,Villarreal,073-467-5822x9642
127,457990,"VISA 16 digit
Matthew Flores
4112048224303848 04/24
CVC: 630
","91078 Margaret Trail Apt. 068
Jasonport, VT 66292",Tina,Herrera,001-283-250-9691x927
128,853329,"JCB 15 digit
Joseph Stewart
213142193203232 11/24
CVC: 722
","PSC 7179, Box 5933
APO AA 10090",Rodney,Morales,(765)631-5925x1931
129,629291,"JCB 15 digit
Erin Cooper
180048236121209 12/23
CVC: 442
","122 Blake Islands
Port Michaelshire, WA 05765",Rachel,Clark,+1-231-477-6607x6535
130,551521,"VISA 13 digit
Lauren Hansen
4256020412767 02/29
CVC: 927
","50673 Deborah Freeway
New Tara, CO 43280",Robert,Schultz,(759)580-5601
131,663961,"Discover
Dana Ward
6500738107169473 11/24
CVC: 023
","228 Martinez Court Apt. 402
North Kevinport, DE 91844",Edwin,Velazquez,140-504-2469
132,764257,"Mastercard
Anna Brady
2279770574318778 01/28
CVV: 959
","172 Hartman Knoll
East Dennishaven, WI 50667",Mary,Acosta,974.210.7560x09852
133,411864,"JCB 16 digit
Gerald Williamson
3533058523044921 01/33
CVC: 228
","60090 Gibson Estates Suite 383
New Jessicaville, MN 82468",Robert,Cohen,011.533.1678x5206
134,889707,"Diners Club / Carte Blanche
Paul Graham
30048796201484 11/30
CVC: 170
","407 Schultz Mission Apt. 202
South Christinefort, FM 86728",Richard,Moore,(599)794-5952
135,835268,"Diners Club / Carte Blanche
Morgan Pena
38530336603271 11/27
CVC: 182
","65249 James Isle
East Lauraton, OR 25116",Robert,Snyder,262-881-5434x17064
136,913170,"Diners Club / Carte Blanche
Paul Smith
30413413769661 07/23
CVC: 809
","1717 Kelly Mall
Delacruzchester, IN 41653",Eric,Long,708.371.8337
137,385947,"Diners Club / Carte Blanche
April Williams
38314037447944 05/25
CVC: 262
","62597 Arnold Wall Suite 503
Lake Aaronchester, VI 60261",Dennis,Turner,3702993085
138,932574,"VISA 19 digit
Cynthia Martin
4500478664546388134 10/32
CVC: 287
","Unit 6092 Box 6588
DPO AE 35535",Veronica,Patterson,(034)576-6600
139,546159,"VISA 19 digit
Brandon Wall
4913742332433054129 08/27
CVC: 586
","66424 Harris Ferry
New Melissa, IA 12286",Matthew,Nelson,6933176426
140,898923,"JCB 16 digit
Brian Chapman
3548778331372486 12/24
CVC: 989
","407 Adams Streets Suite 903
Duncanside, GU 80601",William,Skinner,001-830-303-6113x4814
141,384452,"Diners Club / Carte Blanche
Megan Richard
30567365338211 09/26
CVC: 116
","4567 Thomas Courts Suite 801
Georgeview, FM 68729",Ralph,Copeland,(422)541-8611x44689
142,858030,"Maestro
Jeffrey Nelson
501889242985 01/25
CVV: 832
","171 Peter Prairie Suite 042
Cookberg, MA 75955",Anthony,Allen,124.323.6704
143,548300,"VISA 16 digit
Ricardo Mcintosh
4278967134569703 09/31
CVC: 128
","0863 Taylor Walks Apt. 766
Port Nicholas, IN 14136",Andres,Yu,(932)907-6941
144,768436,"JCB 15 digit
Theresa Bennett
213131503823649 10/25
CVC: 507
","74242 Donna Locks Suite 170
West Johnburgh, CO 42146",Kevin,Perry,990.711.5602
145,299808,"JCB 16 digit
Anthony Martinez
3532630967057444 08/28
CVC: 608
","PSC 8515, Box 4570
APO AP 45327",Donna,Greene,001-726-759-8526x74934
146,340697,"Maestro
Carrie Cohen
676329520800 09/32
CVV: 398
","95698 Michael Common Apt. 262
Lake Amberstad, MT 19955",Samantha,Garcia,018.215.5844
147,456766,"Maestro
Joseph Lyons
503890501789 10/23
CVV: 893
","Unit 5633 Box 1508
DPO AA 16619",Steven,Velazquez,550.366.1157
148,476222,"Maestro
Jason Walter
577346571406 06/26
CVV: 515
","8207 Freeman Spur Suite 454
East Mariaburgh, WA 89821",Benjamin,Christensen,+1-366-229-8173x2928
149,522677,"Discover
Matthew Farrell
6011398068507609 08/28
CVC: 981
","5912 Johnson Roads Suite 599
Port Kimberly, WY 96407",Lisa,Barton,950.322.2195x10320
150,976236,"VISA 16 digit
Charles Riley
4825729178065453 01/33
CVC: 196
","1940 Landry Keys
Patriciaville, MI 21143",Catherine,Singleton,001-918-087-0745x35661
151,948465,"Mastercard
Laura Bell
2700529455867041 01/25
CVV: 894
","5430 Michelle Mall
Hayesborough, GU 99871",Charles,Vazquez,001-563-804-8994x30533
152,257048,"VISA 16 digit
Luis Sullivan
4563800473012874 02/28
CVC: 487
","24846 Brian Estate Suite 809
Patriciaport, IN 89264",John,Smith,9361633689
153,768921,"Diners Club / Carte Blanche
Joseph Ramirez
30143385320983 12/28
CVC: 435
","139 Michael Drives Apt. 466
Lewisshire, MS 82242",Daniel,Martinez,001-828-371-8351x2028
154,923197,"Diners Club / Carte Blanche
Melissa Randall
30064332813526 06/27
CVC: 576
","4940 Richard Brook
Port Katie, TX 29098",Brittany,Maxwell,794.669.3477x6266
155,752018,"JCB 16 digit
Madeline Kerr
3579900953715535 02/30
CVC: 911
","8871 Wall Drives
Rachelview, UT 90152",Jennifer,Williams,001-503-736-3502
156,681178,"American Express
Eric Evans
373907954781790 06/24
CID: 9076
","1985 Bentley Mission
Josephland, KY 49954",Mark,Hall,+1-000-223-4098x6728
157,413647,"Maestro
Michael Collier
503835333363 04/26
CVV: 371
","2120 Fernandez Lights
Allenside, AS 29594",Andrea,Boyer,412.967.2036x92440
158,831969,"Discover
David Simpson
6590389158627653 03/28
CVC: 557
","7124 Mitchell Hills
West Tammyton, ME 07059",Jay,Fernandez,1035693952
159,477725,"Discover
Brian Nash
6011395310046956 03/33
CVC: 542
","0915 Cross Street Suite 303
Albertmouth, SC 67195",Mark,Clayton,+1-587-009-2396x5977
160,412200,"VISA 16 digit
Ronald Best
4309362246856730 06/24
CVC: 909
","69130 Nelson Trace Apt. 469
South Ashleyshire, AK 97713",Tammy,Holloway,(139)758-0706x774
161,679060,"JCB 15 digit
Lisa Nguyen
213171163223292 10/26
CVC: 952
","0073 Wood Corner
New Michael, PA 09769",Bailey,Jones,591-790-2885x39653
162,609314,"JCB 15 digit
Brianna Hopkins
213151849559541 11/28
CVC: 053
","24567 Troy Corners
Griffithburgh, CO 11112",Stephanie,Lucas,(307)164-5826
163,980420,"Diners Club / Carte Blanche
Jennifer Edwards
30042399070263 02/24
CVC: 907
","24028 Julie Ford
Villabury, MO 43672",Morgan,Miller,057.946.7445x8870
164,822727,"VISA 16 digit
Joshua Brooks
4617409031483811 03/26
CVC: 981
","997 Emily Spring Suite 412
West Carolbury, OK 99885",Malik,Rangel,001-829-992-8485x03916
165,533229,"American Express
Vincent Paul
377963149533337 07/25
CID: 4847
","821 Robinson Fields
Christophershire, ID 62638",Scott,Mora,707-803-2721x881
166,281354,"VISA 19 digit
Robert Bray
4818273072089113146 03/26
CVC: 912
","85398 Martin Parkway Apt. 934
Joneston, AZ 57366",Megan,Terry,6852000913
167,234011,"JCB 16 digit
Marissa Rodgers
3569876553720194 09/32
CVC: 782
","889 Chad Walk
East Philip, NC 13544",Ashley,Bailey,391-428-2638
168,952712,"JCB 16 digit
Amanda Clark
3569653153213742 03/24
CVC: 083
","67828 Wade Ports
Charleschester, HI 98538",Tiffany,Joseph,610.881.1258x692
169,417234,"VISA 13 digit
Kimberly Paul
4911857941516 12/32
CVC: 071
","711 Heather Groves
Carlosside, OH 67478",Timothy,Thompson,(945)744-9139
170,858366,"VISA 16 digit
Debbie Davis
4380431300192985 03/33
CVC: 969
","24126 Donovan Mill
Blankenshipstad, WY 99641",Lisa,Chase,418.427.0440
171,453337,"JCB 16 digit
Jared Frye
3575693409546315 03/33
CVC: 671
","493 Kelly Village Suite 701
Lake Gerald, PR 50321",Vincent,Dean,(253)602-0905x899
172,985729,"Maestro
Gina Sandoval
564174302831 05/31
CVV: 272
","39100 Cherry Spring Apt. 506
East Richard, FL 79951",Morgan,Wolf,611-146-2242x3833
173,443743,"Maestro
Michael Baker
675918613588 01/29
CVV: 064
","824 Ward Vista
Jaketon, PR 56239",Robin,Savage,(814)732-0585x80929
174,358208,"VISA 16 digit
Carol Johnson
4183907959804045 04/30
CVC: 415
","1592 Martinez Vista Suite 622
South Christopherchester, AL 15302",Jeffrey,Stewart,(718)916-4455x59270
175,785840,"Maestro
Cynthia Reyes
630482703356 07/27
CVV: 691
","16312 Kyle Mountains Suite 754
Toddchester, GA 37427",Eric,Bell,009.634.1295
176,233801,"Discover
Morgan Roach
6513733937293796 02/28
CVC: 764
","Unit 0093 Box 6540
DPO AP 65853",Deborah,Sherman,+1-851-015-8476x5494
177,247663,"Discover
Willie Norris
6011528795138001 02/33
CVC: 218
","9527 Walter Curve Apt. 749
Port Carolinetown, VA 46637",Sara,Berger,(103)684-5918
178,584297,"Diners Club / Carte Blanche
Jerry Henderson
30214026487570 03/32
CVC: 748
","46260 Kyle Roads
East Brittanyside, IL 96387",Alexandria,Garcia,3524613359
179,899443,"VISA 13 digit
Laura Chandler
4883208884408 11/24
CVC: 916
","26424 Frank Burg Suite 573
Benjaminshire, LA 31857",Susan,Middleton,446.614.3896
180,485046,"VISA 16 digit
Larry Sanchez
4591051857189278 02/30
CVC: 901
","806 Johnson Green Apt. 355
Jesseville, PR 81976",Terry,Malone,628.880.1332x4617
181,543974,"JCB 15 digit
Stephen Robinson
180060744197258 10/26
CVC: 969
","807 Kayla Turnpike
South Victorside, ID 65929",Tommy,Murray,001-960-298-7468x630
182,658543,"American Express
Isaac Bennett
349154753393508 09/23
CID: 8397
","83550 Jason Cape Apt. 370
East Daniel, MS 41600",Nicole,Davis,(134)516-8611
183,899707,"VISA 16 digit
Connor Martinez
4589740244974285 07/26
CVC: 771
","3127 Vazquez Cape Apt. 951
South Sonyashire, OH 88913",Ruben,Barnes,(573)592-3789x436
184,931521,"JCB 15 digit
David Mcfarland
180095432691188 09/29
CVC: 620
","Unit 6269 Box 9544
DPO AE 30552",Kayla,Valentine,(365)516-6106x004
185,433846,"JCB 16 digit
Jeff Benson
3597005751984289 02/32
CVC: 849
","96079 Sheila Path Apt. 116
Montesland, MA 05616",Steven,Thompson,+1-109-789-2604x89149
186,859001,"VISA 16 digit
Kayla Gonzalez
4091268854542664 03/27
CVC: 062
","20654 Kellie Junctions
Lake Jenniferview, MD 68320",Michael,Nelson,863.244.6976x46272
187,459386,"JCB 16 digit
Lauren Levy
3556838982676491 11/24
CVC: 187
","56806 Gabriel Street Suite 844
Brownberg, NM 32125",Stacy,Moore,+1-509-022-4932x84409
188,854942,"Diners Club / Carte Blanche
Susan Ryan
30233273477373 08/26
CVC: 646
","774 Kenneth Lakes
Amyview, WI 69999",Jeffery,Ray,(146)399-1925
189,870272,"Diners Club / Carte Blanche
Michael Barnett
30205996294251 05/32
CVC: 269
","593 Houston Stream
East Robert, MD 14113",Robert,Fox,+1-228-501-4484x339
190,735928,"VISA 13 digit
Thomas Allen
4742766378940 05/30
CVC: 667
","PSC 3633, Box 6745
APO AP 03396",Anthony,Pratt,794-358-7097
191,952682,"Mastercard
Matthew Sparks
2266981116902475 04/24
CVV: 726
","04647 Nguyen Valleys
East Gregorytown, OK 64729",Frank,Lawrence,380-139-8413
192,820928,"Mastercard
Jorge Graham
5461482439725087 07/29
CVV: 697
","Unit 3648 Box 9468
DPO AE 36601",Jeffrey,Hoffman,852-086-4375x9149
193,832659,"VISA 16 digit
Mark Andrews
4770930169261185 02/24
CVC: 874
","179 Johnson Flat
North Kevin, MO 09109",Garrett,Douglas,+1-099-464-2662
194,947105,"VISA 19 digit
John Rodriguez
4193082096325041018 01/29
CVC: 505
","9444 Joshua Ford Suite 887
Wangmouth, KS 40057",Tim,Mahoney,728-722-8848x38991
195,925906,"VISA 19 digit
Rebecca Smith
4238818168411583288 05/24
CVC: 363
","866 Potts Lane
Monicaland, TN 70897",Christine,Young,(324)197-5133
196,430773,"VISA 19 digit
Eric Hall
4113229371086131668 09/26
CVC: 417
","3677 Patricia Prairie Apt. 839
West Jamieport, PA 65662",Tamara,Thompson,870.373.0463x410
197,255739,"VISA 13 digit
Ashley Clark
4840902908339 01/29
CVC: 002
","9032 Heidi Island
Douglasview, NV 25112",Kristine,Orr,001-569-804-1735x0130
198,548238,"JCB 15 digit
Francisco Schneider
213115211989198 10/23
CVC: 119
","101 Pugh Stream
South Todd, NJ 18977",Tammy,Johnson,4980372511
199,893250,"Discover
Dennis Paul
6011648832852644 10/25
CVC: 767
","896 Austin Crossroad Apt. 505
West Jonathanberg, SD 90557",Andrew,Shaw,527-071-1251
200,765145,"JCB 16 digit
Samantha Davis
3501402161691387 03/29
CVC: 707
","23998 Sarah Common Apt. 267
North Brenda, OR 26088",Marie,Baker,001-609-160-4370x134
201,640307,"Mastercard
Diana Crawford
2246321038139945 04/30
CVV: 267
","812 Christina Divide Suite 780
Bradyburgh, OR 69307",Meredith,Hernandez,+1-392-749-6656x8678
202,557599,"American Express
Lauren Edwards
376468589928816 05/26
CID: 6126
","60482 Dean Cape Apt. 618
Ethanview, AK 21287",Beverly,Butler,815.720.3933x18820
203,944096,"VISA 16 digit
Alexander Dixon
4061376773208857 12/27
CVC: 543
","38126 Compton Rapids
North Jorge, FM 13921",James,Parker,+1-169-330-5260x72382
204,493136,"VISA 19 digit
Tricia Vincent
4043080146494569288 05/31
CVC: 022
","1841 Lewis Roads
Pottsside, ME 61528",John,Compton,836.807.9706x4902
205,796132,"Discover
Heather Manning
6504412292303323 12/30
CVC: 529
","8940 Anna Isle Suite 426
Frankchester, VT 92264",Ryan,Young,287-390-8443x8357
206,686259,"Maestro
Stephanie Long
060468464361 12/32
CVV: 455
","0556 Price Isle Suite 539
Harrisfort, VT 72665",Steven,Smith,300.163.0504
207,732985,"Maestro
Mitchell Peterson
676347553353 05/31
CVV: 778
","54896 Holmes Station Suite 648
Elizabethport, ID 09257",Chad,Richmond,408.898.6109x3419
208,226282,"Maestro
Tammy Thompson
676120875312 10/27
CVV: 291
","7594 Rodriguez Spurs
Mccoyfurt, IN 64634",Richard,Adams,+1-412-093-0190x00562
209,466960,"JCB 15 digit
Vanessa Cordova
180009402899663 06/23
CVC: 285
","05430 Vazquez Summit Apt. 103
West Denise, AR 33734",Morgan,Melton,(292)484-0465
210,999685,"VISA 13 digit
Christopher Baker
4463822780504 05/25
CVC: 855
","USNS Nicholson
FPO AA 77402",Jeremy,Ray,001-530-587-2824x765
211,808712,"VISA 16 digit
Hannah Hicks
4242891668041348 06/23
CVC: 347
","255 Williams Views
Scottside, MO 21074",Wyatt,Compton,(563)927-7080x43530
212,993629,"JCB 16 digit
Angela Rice
3528174180361016 11/30
CVC: 719
","965 Jose Skyway Suite 777
Brandonville, UT 58571",James,Fitzpatrick,(637)451-8687x770
213,822926,"VISA 16 digit
Steve Rubio
4872086123384725 06/27
CVC: 386
","429 Aaron Road
West Traci, ID 46154",David,Harris,144-770-6902x78673
214,353500,"Maestro
Michael Matthews
502011067175 01/24
CVV: 046
","7267 Williams Ports
Zacharytown, KY 60000",Carolyn,Johnson,739-768-1662x47521
215,820184,"Mastercard
Lisa Harris
2669704973692887 06/29
CVV: 226
","4560 Brandon Fords Suite 882
Robertton, NJ 90753",Jason,Rodriguez,+1-411-591-3087x91977
216,379622,"Diners Club / Carte Blanche
Jessica Ray
30520964176169 01/27
CVC: 838
","7432 Farrell Throughway Suite 133
Laurastad, PR 83939",Michelle,Oneill,001-421-911-4624x9135
217,699932,"JCB 16 digit
Michael Montes
3549921889639489 09/27
CVC: 943
","143 White Land Apt. 293
Kellyfort, NM 78790",Lisa,Medina,001-892-729-0189x831
218,783227,"Discover
William Herrera
6541727309208016 11/31
CVC: 717
","5529 Laura Villages
Christineville, DE 64060",Chad,Paul,4258681447
219,590394,"VISA 13 digit
Philip Young
4255175496294 02/30
CVC: 307
","88993 Greer Mall Apt. 459
Jonesmouth, SD 03363",Briana,Mitchell,(500)776-9484
220,343687,"VISA 16 digit
Joseph Ward
4111866634558110 02/30
CVC: 916
","8693 Rachel Crest Apt. 053
Jenniferfurt, WA 86735",Joe,Carson,+1-159-911-2846x80620
221,778240,"Diners Club / Carte Blanche
Sandra Charles
36165880000806 01/24
CVC: 105
","4548 Daniel Court
Joneschester, OR 68415",Kristi,Hughes,001-999-355-0614
222,737379,"Mastercard
Dorothy Holder
2674610576929035 09/30
CVV: 561
","841 Mathew Village Apt. 352
South Nicholas, WI 14582",Shawn,Dunn,855.244.9498
223,419732,"Diners Club / Carte Blanche
Rhonda Madden
30088453214099 07/26
CVC: 228
","64994 Montgomery Causeway Apt. 276
Erictown, VI 99045",Tony,Compton,+1-093-093-6206x435
224,293212,"JCB 15 digit
Johnny Williams
213142994871252 04/33
CVC: 514
","Unit 9020 Box 0686
DPO AA 54298",Michael,Mcclain,+1-988-178-9365x14848
225,563728,"JCB 16 digit
Michael Long
3566674216237646 09/32
CVC: 755
","3126 Thomas Mountains Suite 888
Brianafort, AZ 46001",John,Cannon,125-177-2302
226,417594,"VISA 16 digit
Danielle Hill
4522953732226213 08/29
CVC: 634
","4664 Crystal Radial
Anthonymouth, AR 38582",Patricia,Hanson,+1-720-544-5056x50557
227,760563,"American Express
Patrick Price
376679002146493 12/29
CID: 9715
","10976 King Locks Apt. 367
Michaelfort, RI 29394",Gabriel,Stephenson,(693)893-9640
228,995320,"Mastercard
Michaela Palmer
5373974122753761 02/28
CVV: 222
","91951 Gerald Manors
Harrisonburgh, NM 16242",Adam,Vasquez,+1-498-228-8188x45507
229,294681,"Maestro
Michelle Smith
502030782028 02/29
CVV: 116
","5380 Andrew Parkways
West Alexa, CT 82553",Luke,Swanson,629.018.3018x48976
230,584033,"JCB 16 digit
Karen Drake
3546339451731951 04/28
CVC: 540
","38395 Corey Court
Maddoxville, WV 90234",Tara,Arnold,(386)647-3075
231,647625,"Maestro
Paul Schneider
639087805144 12/24
CVV: 431
","27730 Decker Village
North Jillian, MT 57117",Mary,Simmons,+1-387-413-5241x879
232,829101,"VISA 19 digit
Joe Hoffman
4479261046342362950 02/25
CVC: 759
","215 Kelly Corners Apt. 685
West Carol, VI 07138",Jesus,Garcia,+1-270-541-5128
233,418142,"JCB 15 digit
Brent Martin
213102921099708 06/24
CVC: 530
","84280 Navarro Port Suite 477
New Lindaville, FL 04189",Kristine,King,801.643.6432
234,531921,"American Express
Joseph Booker
343941722156438 04/31
CID: 6053
","PSC 8617, Box 3438
APO AP 15427",Gilbert,Garcia,202-419-4139x3024
235,259455,"Discover
Timothy Gross
6512539474861445 01/30
CVC: 257
","2887 Burch Junctions
Johnview, UT 15644",Donald,Larson,+1-219-346-9686
236,611016,"American Express
Daniel Sandoval
372895199521819 10/30
CID: 4888
","7709 Allen Camp Suite 347
Melissaborough, VI 23277",James,Davenport,001-246-056-3169
237,221930,"VISA 19 digit
Luis Brooks
4202297710413031901 07/27
CVC: 818
","774 Catherine Mountain Apt. 714
West Wesleyburgh, RI 90495",Samantha,Cruz,693-781-4850
238,431259,"JCB 15 digit
James Johnson
213121304283069 07/25
CVC: 382
","0656 Eric Harbors Apt. 066
Robertville, IL 94304",Clifford,Horton,(135)824-8944
239,376815,"VISA 13 digit
Kimberly Morris
4224069394783 04/27
CVC: 472
","910 Eric Locks Apt. 287
North Brett, MI 50618",William,Haas,001-197-583-5650x142
240,764177,"Diners Club / Carte Blanche
Corey Calderon
30052281217088 10/25
CVC: 174
","5884 Darin Estate Suite 158
Laurenmouth, CT 01235",Robert,Daniels,5323486863
241,544882,"JCB 16 digit
Tanya Mills
3591452471071995 10/27
CVC: 798
","63574 Amber Orchard
South Preston, AR 20222",Angela,Smith,001-652-392-6252x89159
242,309746,"JCB 15 digit
Daniel Diaz
213137245563666 01/30
CVC: 019
","2845 Robinson Haven
Smithbury, NM 81077",Vanessa,Rodriguez,+1-448-353-7586
243,201890,"Maestro
Bridget Cunningham
567298162171 11/23
CVV: 763
","8819 Sydney Wells Apt. 803
East Ginahaven, MD 92932",Brian,Lucas,(159)410-4260
244,496952,"Maestro
Jeremy Young
582826626423 12/30
CVV: 560
","967 Sharon Union
Donnamouth, WV 82625",Vanessa,Lane,0691452741
245,962258,"JCB 16 digit
Robert Briggs
3533032234061094 05/29
CVC: 798
","736 Sanchez Creek Suite 963
Kimton, NE 94120",Christopher,Ross,(526)478-0593x5240
246,367474,"JCB 16 digit
Marissa Norris
3500846085211832 05/31
CVC: 237
","Unit 2393 Box 9266
DPO AP 34327",Howard,Willis,001-628-534-9224x63674
247,553147,"JCB 16 digit
Amanda Andersen
3584711857969794 05/24
CVC: 767
","40999 Choi Rest
Paultown, DC 30430",Lisa,Bates,(033)491-1182x50716
248,676284,"VISA 16 digit
Kevin Ford
4888458727437146 03/32
CVC: 297
","16735 Christopher Isle Apt. 932
South Davidchester, MN 13199",Rebecca,Davis,001-225-865-4745x625
249,204616,"VISA 19 digit
Lisa Vasquez
4254441881132031682 11/26
CVC: 897
","3091 Anthony Burg
Jonesborough, NH 51210",Joshua,Anderson,+1-979-720-6955x88786
250,610030,"VISA 16 digit
Joanne Williams
4724188168123842 07/25
CVC: 058
","PSC 1039, Box 2452
APO AP 63011",Cassandra,Carson,+1-268-421-4477x9259
251,584161,"Diners Club / Carte Blanche
Melvin Kane
30080556041131 06/28
CVC: 846
","4351 Dalton Stream Suite 260
Derrickburgh, NV 45548",Sandra,Durham,(327)404-6589
252,915991,"Maestro
Juan Douglas
639072579159 07/32
CVV: 099
","82259 Shelia Isle
South Kevinchester, SC 36659",Scott,Webb,001-603-879-2825x0643
253,287032,"American Express
Sheri Tucker
347112976031331 01/32
CID: 1356
","94666 Gerald Stravenue
Davisview, PR 70916",Barry,Lane,592.639.1487x12370
254,420455,"American Express
Kathryn Maldonado
347533932522081 12/27
CID: 8121
","228 Matthews Meadows
West Angelaberg, MA 25802",Robert,Fernandez,+1-573-375-7790x11797
255,703892,"VISA 16 digit
Phillip Anderson
4120583495952212 09/30
CVC: 853
","USCGC David
FPO AP 29716",Roy,Savage,346.768.8779x43975
256,517842,"VISA 16 digit
Kenneth Cline
4095572455119111 09/29
CVC: 908
","Unit 7207 Box 8257
DPO AE 37163",Mary,White,062-793-5645
257,922853,"Diners Club / Carte Blanche
Robert Ho
30287712566923 11/31
CVC: 463
","369 Jones Crest
Port Michaelborough, TN 67684",Tammie,Jackson,001-653-823-4791x990
258,959748,"VISA 16 digit
William Nash
4833958052959560 07/26
CVC: 606
","80939 Ward Shoals
Jackfort, AR 29000",Michael,Daniels,+1-143-472-9348x60633
259,913777,"JCB 16 digit
Kathleen Young
3576009444283294 12/28
CVC: 942
","USS Young
FPO AA 00648",Kimberly,Perry,+1-539-439-6100x2668
260,435810,"VISA 16 digit
Emily Thomas
4905196373217441 01/26
CVC: 209
","84414 Leach Oval
Elizabethmouth, WV 08784",Cheryl,Hanson,031.233.9839x72988
261,209247,"VISA 16 digit
Anthony Miller
4006193508873261 05/29
CVC: 669
","53459 Mercado Mount
Thompsonport, PW 82532",Michael,Dickson,114-324-3839x707
262,544901,"Maestro
Toni Mason
562953009221 09/29
CVV: 057
","9754 Blake Gardens
West Paigeview, NC 63109",Misty,Joyce,500.277.2414x13065
263,978847,"JCB 15 digit
David Wells
180030449422244 03/24
CVC: 491
","3222 Fernandez Unions
Cunninghamchester, OR 12185",Tiffany,Perkins,+1-473-671-3626x9824
264,546636,"VISA 19 digit
Lisa Cooper
4435469651615942487 03/26
CVC: 503
","180 Katelyn Ranch Apt. 141
North Javier, NE 21230",John,Frank,260-449-6107
265,662830,"VISA 13 digit
Kimberly Holmes
4469370821202 10/32
CVC: 184
","74769 Walton Vista
East Hectorport, ID 59797",Brian,Johnson,+1-078-647-7119
266,786083,"JCB 15 digit
Tanya Ramos
213112135077192 07/32
CVC: 964
","189 Denise Motorway
Wadefort, OR 03186",Tiffany,King,703.031.0310
267,257586,"Discover
Mark Franco
6011311444637396 10/27
CVC: 452
","5295 Torres Springs Apt. 691
Payneshire, PW 74573",Alexander,Johnson,157.354.8052x5576
268,371227,"Discover
David King
6516398526420551 04/31
CVC: 358
","6039 Reilly Shoal Apt. 722
Davisfurt, MA 33918",Shannon,Contreras,714-241-6065x689
269,636986,"Diners Club / Carte Blanche
Charles Rodriguez
30192433695011 06/31
CVC: 569
","Unit 1492 Box 0276
DPO AP 45903",Angela,Daniel,001-574-051-4997x07199
270,956846,"VISA 16 digit
Toni Wood
4108170792771770 02/31
CVC: 965
","51475 Sarah Inlet Suite 353
Luisburgh, VT 33572",Gregory,Liu,(066)781-0026x90455
271,382827,"JCB 15 digit
Brian Miller
180098260568486 02/32
CVC: 275
","56778 Smith Plaza Suite 258
South Joseph, FL 48393",Tyler,Moran,444.718.0277
272,979966,"Maestro
Tasha Lang
060499588329 05/24
CVV: 591
","2121 Christopher Drive Apt. 999
North Brandonberg, MD 48848",Pam,Thomas,(203)325-4701x33768
273,203191,"JCB 16 digit
Sonya Hutchinson
3542461205505590 05/26
CVC: 185
","172 Garcia Glens
North Justin, MD 85314",Jennifer,Fowler,001-376-181-2178
274,949211,"VISA 16 digit
Wayne Booker
4949348681103569 07/28
CVC: 912
","24181 Evans Alley
South Leslieville, VI 47406",Brent,Smith,651.570.5389
275,700533,"Maestro
Stephen Curry
502008255288 05/32
CVV: 664
","49845 Spencer Cove
Brownfurt, ID 12318",Hannah,Lewis,(120)579-3171x63233
276,341036,"VISA 16 digit
Anne Williams
4467587119711350 03/24
CVC: 477
","057 Jason Bridge
Teresahaven, FL 78390",Anna,Sosa,6529402741
277,528262,"VISA 16 digit
Andrew Haynes
4802259633672773 05/28
CVC: 198
","0234 Edwin Roads Suite 140
Diazstad, KS 11961",Nicholas,Jackson,(623)761-8202x31296
278,705764,"JCB 16 digit
David Brown
3506948190685746 08/32
CVC: 164
","781 Larsen Shores Apt. 078
Sellerston, WA 38930",Nicholas,Montes,(005)745-4467
279,343148,"Discover
Sarah Holmes
6011426251890902 05/31
CVC: 874
","8929 Jordan Loaf Suite 913
South Breanna, UT 97315",Angela,Harris,1514204865
280,844685,"VISA 19 digit
James Reilly
4138916188595199449 02/27
CVC: 482
","12220 Sean Key
North Tricia, IL 77875",Christopher,Perry,718.672.4217x4322
281,621633,"Mastercard
Jeanette Smith
5514329967533085 08/26
CVV: 462
","58723 Kimberly Inlet
New Andrew, GU 78619",Tyler,Mcguire,270-759-4826x57250
282,560196,"Diners Club / Carte Blanche
Jenny Brennan
30409064777870 10/26
CVC: 223
","2492 Christina Ports
Evansstad, MO 59686",Paul,Gallagher,001-502-733-2090x030
283,465446,"VISA 16 digit
Stephanie Brewer
4520111630083572 01/33
CVC: 694
","85292 Andrew Fields Suite 552
New Belinda, MT 56428",Tracy,Oconnor,(337)691-4405
284,644415,"Maestro
Renee Meyer
676221626200 01/28
CVV: 474
","46415 Alvarado Roads
Johnsonstad, ND 24871",Joseph,Mercer,(844)671-6563x0634
285,584059,"Diners Club / Carte Blanche
Wayne Mcgee
30392584274950 12/29
CVC: 607
","704 Bailey Freeway Apt. 871
East Tonyaville, PW 31420",Jorge,Jackson,(977)206-2388x611
286,960284,"Discover
Raymond Gregory
6011782553255313 04/26
CVC: 655
","492 Jennifer Loop
Cohenfurt, WV 97780",Jasmine,Price,(045)243-1574
287,273768,"Discover
Anne Barber
6011766350997193 09/30
CVC: 533
","Unit 2511 Box 6734
DPO AP 05032",Daniel,Meza,001-648-960-2210x00683
288,759208,"VISA 19 digit
Elizabeth Jones
4683509482135991888 07/24
CVC: 374
","4748 Sanchez Ways Suite 740
Port Paul, ND 83767",Jeremy,Wells,(111)806-8340x90715
289,547515,"VISA 16 digit
Christine Jones
4080306921620486 01/29
CVC: 231
","467 Christopher Burg
Hensonmouth, AL 81201",Sandra,Thomas,+1-191-254-2306x594
290,591817,"JCB 16 digit
Mark Hammond
3563055682708315 11/30
CVC: 529
","4875 Lisa Cape
North Louischester, MN 80140",Bradley,Carpenter,744-714-8643x0767
291,922551,"VISA 16 digit
Tony Bender
4815869496640199 07/28
CVC: 102
","5072 Marc Cliffs
New Valeriefort, NY 24101",Jeffrey,Lewis,001-927-868-1750
292,338831,"VISA 16 digit
Michael Ray
4648698467783396 01/30
CVC: 004
","00589 Marks Springs Apt. 672
Cassidyberg, KY 60849",Angelica,Luna,293-838-3667
293,288762,"American Express
Adam Ali
371153747124681 04/31
CID: 1460
","90219 Amber Manors
Tristanberg, KY 86123",David,Miller,001-588-968-6028x0329
294,351971,"Diners Club / Carte Blanche
Kyle Mendez
30179184433825 12/31
CVC: 913
","226 Michael Village Apt. 587
Port Robert, ID 57511",Jeff,Moore,8252819733
295,527089,"American Express
Paul Ellis
373673720102634 05/25
CID: 8116
","287 Lopez Key
Staffordshire, AR 87406",Jordan,Braun,987-337-2450x55596
296,982871,"JCB 15 digit
Tracy Brock
180024438393425 06/29
CVC: 922
","PSC 4154, Box 1481
APO AE 09033",Xavier,Armstrong,(977)507-2899
297,288673,"Maestro
Patricia Cooper
502098350460 06/25
CVV: 784
","061 Young Villages
Ashleystad, UT 01614",William,White,017.722.7728x2282
298,551384,"JCB 15 digit
Kathy Rodriguez
213187981799214 11/27
CVC: 839
","458 Kim Run
Beanborough, NV 68547",Melanie,Jackson,001-467-525-0617x02113
299,910047,"Maestro
David Williams
576025085027 02/30
CVV: 615
","24953 Kelly Ridges
Andrestad, KY 59770",Connie,Dean,243-848-1076
300,713640,"VISA 16 digit
Nicholas Davenport
4542615783808209 09/31
CVC: 820
","18113 Kayla Shoals Apt. 145
New Michelle, WI 57207",Randy,Olson,+1-176-786-0674x73939
