name,address
Jenkins Ltd,"25531 Ashley Shoal Apt. 526
Parkermouth, WY 90098"
"Torres, Gilmore and Garcia","4746 Holmes Groves Apt. 886
Riversfort, WV 28243"
Blake Ltd,"481 Franklin Wall Apt. 865
Port Rebeccatown, CA 49814"
"Pena, Hicks and Wagner","533 Tracy Mountain Suite 167
South Leah, DE 77939"
Lam-Rogers,"48422 Reed Manors
Melissaport, VI 18911"
Delgado Inc,"Unit 1417 Box 6802
DPO AE 47477"
White-May,"9829 Matthew Centers
Lake Katherine, NJ 53067"
Dalton LLC,"PSC 6170, Box 3782
APO AA 01048"
Ferguson Ltd,"894 Evans Mall Suite 147
New Petershire, UT 62469"
Fox-Lee,"612 Jimenez Canyon Apt. 825
Garciaberg, PA 79014"
Cruz-Carpenter,"61450 Joel Lake Suite 441
Port Thomas, CO 29618"
Carpenter LLC,"627 Anna Station
South Brooke, AK 23685"
Brown-Hanson,"53829 Michael Shoals
Griffithhaven, GA 60850"
Hernandez-Jones,"54126 Larson Dale
New Joanne, ID 19484"
Murphy-Rasmussen,"8850 Erin Plains
New Robert, MS 13588"
Scott-Lam,"0445 Young View Apt. 458
Sarahshire, NM 87138"
Johnston-Turner,"PSC 3540, Box 8082
APO AE 46760"
"Shaffer, Bryan and Stewart","04356 Adam Prairie Suite 798
Williamland, OR 19616"
"Ellis, Browning and Clark","40268 Melissa Flats
Robertchester, CO 75583"
"Burnett, Perez and Russell","439 Mark Mews Suite 501
Port Alexisside, CO 43495"
